neighbourhood,stadsdeel,lat,long
Centrum-Oost,Centrum,52.36353170753051,4.886822988820503
Centrum-Oost,Centrum,52.36237221350246,4.891158125600389
Centrum-Oost,Centrum,52.364215190533066,4.890875279553892
Centrum-Oost,Centrum,52.36521960043601,4.900348135108775
Centrum-Oost,Centrum,52.37016246441194,4.912806887947398
Centrum-Oost,Centrum,52.360634979627626,4.906483170674907
Centrum-Oost,Centrum,52.371526041315484,4.900069738635627
Centrum-Oost,Centrum,52.364930968294246,4.8807119554533
Centrum-Oost,Centrum,52.36481381993438,4.8842763605813975
Centrum-Oost,Centrum,52.363931629679506,4.906677751001088
Centrum-Oost,Centrum,52.359414478052976,4.893850425026046
Centrum-Oost,Centrum,52.362863156350535,4.893128709959516
Centrum-Oost,Centrum,52.36548371042257,4.899114053335643
Centrum-Oost,Centrum,52.3698597030998,4.904750550810671
Centrum-Oost,Centrum,52.371131185642525,4.909833926781325
Centrum-Oost,Centrum,52.371856721562736,4.904542510317476
Centrum-Oost,Centrum,52.372648266567005,4.902824665255759
Centrum-Oost,Centrum,52.36395988136652,4.884447629312615
Centrum-Oost,Centrum,52.36017095284322,4.892948796312446
Centrum-Oost,Centrum,52.36504893418067,4.883553652113223
Centrum-Oost,Centrum,52.36041818858615,4.901331120123217
Centrum-Oost,Centrum,52.36900603859643,4.930743108670631
Centrum-Oost,Centrum,52.3691241862778,4.906996806601451
Centrum-Oost,Centrum,52.35898754512939,4.897268698023439
Centrum-Oost,Centrum,52.365988168874,4.9241599956674085
Centrum-Oost,Centrum,52.36278195980269,4.892069268824509
Centrum-Oost,Centrum,52.36835101492164,4.924069390070279
Centrum-Oost,Centrum,52.36711756464895,4.926237676257241
Centrum-Oost,Centrum,52.36967038485665,4.900045390612524
Centrum-Oost,Centrum,52.371804663556695,4.906125814554588
Centrum-Oost,Centrum,52.374714415851976,4.906535244527924
Centrum-Oost,Centrum,52.36187075783848,4.907404177677814
Centrum-Oost,Centrum,52.367540004691335,4.911088668591023
Centrum-Oost,Centrum,52.37184089282754,4.90744517436989
Centrum-Oost,Centrum,52.363056729273104,4.905886013768719
Centrum-Oost,Centrum,52.3621700804918,4.903927118792878
Centrum-Oost,Centrum,52.36400824482982,4.885605111289835
Centrum-Oost,Centrum,52.3652843898044,4.910709551759089
Centrum-Oost,Centrum,52.365114799497725,4.8827596325706075
Centrum-Oost,Centrum,52.364710602311256,4.906769174164775
Centrum-Oost,Centrum,52.37121034360116,4.9094233493736406
Centrum-Oost,Centrum,52.363290620268856,4.887617021369009
Centrum-Oost,Centrum,52.36677406237373,4.903735804964092
Centrum-Oost,Centrum,52.36414417583807,4.893046886230606
Centrum-Oost,Centrum,52.36009754252609,4.8942406984448
Centrum-Oost,Centrum,52.363648643992796,4.9166955614690435
Centrum-Oost,Centrum,52.374860354392446,4.903274795081932
Centrum-Oost,Centrum,52.375420691262974,4.904036952206917
Centrum-Oost,Centrum,52.36158414253933,4.900983889075217
Centrum-Oost,Centrum,52.36377979946454,4.889925304704799
Centrum-Oost,Centrum,52.361433671100194,4.893755779805582
Centrum-Oost,Centrum,52.362192612767025,4.909718860424289
Centrum-Oost,Centrum,52.37117226898974,4.900137795248029
Centrum-Oost,Centrum,52.36212215709312,4.8981775952299
Centrum-Oost,Centrum,52.366759883293454,4.921209654616544
Centrum-Oost,Centrum,52.35906721101416,4.896005241104739
Centrum-Oost,Centrum,52.367172325328575,4.903844054689676
Centrum-Oost,Centrum,52.36132979258033,4.893870573439251
Centrum-Oost,Centrum,52.36468519130561,4.904136309641358
Centrum-Oost,Centrum,52.36146459839772,4.888646936213524
Centrum-Oost,Centrum,52.37167402915019,4.922946622029561
Centrum-Oost,Centrum,52.363048944692125,4.909387192705408
Centrum-Oost,Centrum,52.361867557274714,4.889069208792407
Centrum-Oost,Centrum,52.369868634913274,4.923113149456644
Centrum-Oost,Centrum,52.37437768625043,4.901622853707508
Centrum-Oost,Centrum,52.36695700351676,4.928248924262341
Centrum-Oost,Centrum,52.358521896535784,4.891647525491909
Centrum-Oost,Centrum,52.37478857241094,4.902738883513547
Centrum-Oost,Centrum,52.37363472792649,4.90360351382901
Centrum-Oost,Centrum,52.36461491600287,4.9095440412208955
Centrum-Oost,Centrum,52.363435061294766,4.886931969406851
Centrum-Oost,Centrum,52.36239600470299,4.893723202112039
Centrum-Oost,Centrum,52.36966177341754,4.924937577796467
Centrum-Oost,Centrum,52.365522414196164,4.8835836546232985
Centrum-Oost,Centrum,52.360981095527826,4.910205209085739
Centrum-Oost,Centrum,52.372409479364485,4.918464796971134
Centrum-Oost,Centrum,52.36190508201009,4.8880500368665825
Centrum-Oost,Centrum,52.36247198166842,4.8907262961374895
Centrum-Oost,Centrum,52.364683267344596,4.900836182300174
Centrum-Oost,Centrum,52.36094240870833,4.893749152420081
Centrum-Oost,Centrum,52.364454134521644,4.902241053959581
Centrum-Oost,Centrum,52.37171057949906,4.90888845325751
Centrum-Oost,Centrum,52.37159385663257,4.931081448141324
Centrum-Oost,Centrum,52.367295236415664,4.928636232967084
Centrum-Oost,Centrum,52.36472988834214,4.88599374232255
Centrum-Oost,Centrum,52.36197645472426,4.90544747340859
Centrum-Oost,Centrum,52.3606380416373,4.892718162750258
Centrum-Oost,Centrum,52.36513246667161,4.908371799288464
Centrum-Oost,Centrum,52.35968822231245,4.902598086793576
Centrum-Oost,Centrum,52.36880518317076,4.90952770863525
Centrum-Oost,Centrum,52.36328294691259,4.907867893234624
Centrum-Oost,Centrum,52.365273310766206,4.901425302114936
Centrum-Oost,Centrum,52.36828214427665,4.917072319883055
Centrum-Oost,Centrum,52.366954355167245,4.902359685073612
Centrum-Oost,Centrum,52.36537079077625,4.911327614917481
Centrum-Oost,Centrum,52.37658260545469,4.912560000646882
Centrum-Oost,Centrum,52.36392925002505,4.898180335228467
Centrum-Oost,Centrum,52.3717572186151,4.9287867982126246
Centrum-Oost,Centrum,52.36437765944613,4.90742599744686
Centrum-Oost,Centrum,52.36391524412944,4.89885764321063
Centrum-Oost,Centrum,52.364590493350626,4.885590959757478
Centrum-Oost,Centrum,52.36130560844395,4.910701204512604
Centrum-Oost,Centrum,52.3608203628523,4.902704940559527
Centrum-Oost,Centrum,52.362671449982784,4.8900504003900584
Centrum-Oost,Centrum,52.369740915724606,4.926852111570149
Centrum-Oost,Centrum,52.366615848223894,4.897547422530385
Centrum-Oost,Centrum,52.3604898066029,4.896724785835022
Centrum-Oost,Centrum,52.3644299118264,4.900011642929403
Centrum-Oost,Centrum,52.3707453731901,4.931646961193456
Centrum-Oost,Centrum,52.367794440255075,4.8990659686082525
Centrum-Oost,Centrum,52.364374007288205,4.882344991562395
Centrum-Oost,Centrum,52.36465544837006,4.90194306279543
Centrum-Oost,Centrum,52.36966621776701,4.897765651736063
Centrum-Oost,Centrum,52.37537549818237,4.916376372556411
Centrum-Oost,Centrum,52.362178687592866,4.889157633135826
Centrum-Oost,Centrum,52.36340386686523,4.885244560024176
Centrum-Oost,Centrum,52.36188379821885,4.90157640616474
Centrum-Oost,Centrum,52.36856164353529,4.897042775685635
Centrum-Oost,Centrum,52.36710911695095,4.904484955706704
Centrum-Oost,Centrum,52.36321755165331,4.906643512031204
Centrum-Oost,Centrum,52.363376990756194,4.889819101424207
Centrum-Oost,Centrum,52.36424999301559,4.88638207926868
Centrum-Oost,Centrum,52.36200262783104,4.885335836963573
Centrum-Oost,Centrum,52.36102784221194,4.8928346378746195
Centrum-Oost,Centrum,52.36603513362988,4.882695243450454
Centrum-Oost,Centrum,52.36565067733345,4.909689917244842
Centrum-Oost,Centrum,52.37011965776891,4.905835407115006
Centrum-Oost,Centrum,52.363790123194555,4.890543982050987
Centrum-Oost,Centrum,52.363347578838095,4.900102115256658
Centrum-Oost,Centrum,52.35972807002335,4.889838007871908
Centrum-Oost,Centrum,52.36649652072866,4.897331512512429
Centrum-Oost,Centrum,52.36098396340447,4.899578381344915
Centrum-Oost,Centrum,52.35835007852669,4.8992586816000845
Centrum-Oost,Centrum,52.370610197563636,4.909894425150471
Centrum-Oost,Centrum,52.36141652526097,4.887516942331083
Centrum-Oost,Centrum,52.36353288898812,4.908973058064189
Centrum-Oost,Centrum,52.37202200791337,4.919213550004017
Centrum-Oost,Centrum,52.36294969556131,4.916698177197169
Centrum-Oost,Centrum,52.369416794935795,4.913372200806711
Centrum-Oost,Centrum,52.37206578076953,4.930812736892267
Centrum-Oost,Centrum,52.361436354170436,4.895450921595028
Centrum-Oost,Centrum,52.366051519196496,4.888601789146676
Centrum-Oost,Centrum,52.362930656365975,4.907379087600966
Centrum-Oost,Centrum,52.359724789172,4.8934720709293185
Centrum-Oost,Centrum,52.361065840817076,4.9095539586784875
Centrum-Oost,Centrum,52.36227806411456,4.907953472531503
Centrum-Oost,Centrum,52.364695120319944,4.907600212109949
Centrum-Oost,Centrum,52.364662281765575,4.8885143233089945
Centrum-Oost,Centrum,52.36526817875359,4.901350495103726
Centrum-Oost,Centrum,52.36121272345554,4.891552565492616
Centrum-Oost,Centrum,52.36262089837325,4.899849599905003
Centrum-Oost,Centrum,52.35820921608916,4.895939637360107
Centrum-Oost,Centrum,52.36289759041627,4.897257213080737
Centrum-Oost,Centrum,52.36332870156423,4.899280365402521
Centrum-Oost,Centrum,52.37306522176129,4.920894500793912
Centrum-Oost,Centrum,52.359335457116885,4.894155295566974
Centrum-Oost,Centrum,52.369104341113875,4.924132289115329
Centrum-Oost,Centrum,52.36600390408244,4.898828123251363
Centrum-Oost,Centrum,52.3711921472288,4.911421588900169
Centrum-Oost,Centrum,52.37003981402923,4.913213489048058
Centrum-Oost,Centrum,52.366067227568855,4.921958059270872
Centrum-Oost,Centrum,52.3652739009067,4.886042390145158
Centrum-Oost,Centrum,52.370880334492135,4.899925075512029
Centrum-Oost,Centrum,52.35923863652013,4.897569520405841
Centrum-Oost,Centrum,52.35927457659928,4.891564687060097
Centrum-Oost,Centrum,52.37097750276216,4.922010889340415
Centrum-Oost,Centrum,52.36967444901119,4.931653491032634
Centrum-Oost,Centrum,52.360092579387,4.894611813107176
Centrum-Oost,Centrum,52.37220348817348,4.930642430808075
Centrum-Oost,Centrum,52.37673480419281,4.905690635230092
Centrum-Oost,Centrum,52.360897984204634,4.890852751005499
Centrum-Oost,Centrum,52.361615613388814,4.886649312107711
Centrum-Oost,Centrum,52.37120071391155,4.909924661942085
Centrum-Oost,Centrum,52.372866054729826,4.902951030855554
Centrum-Oost,Centrum,52.36110545156635,4.8918886735129155
Centrum-Oost,Centrum,52.363309145733496,4.91685036875422
Centrum-Oost,Centrum,52.36210134163571,4.905578745508272
Centrum-Oost,Centrum,52.37178088503252,4.9029184310687235
Centrum-Oost,Centrum,52.361566272705325,4.900258757211359
Centrum-Oost,Centrum,52.35958662614795,4.902267765208254
Centrum-Oost,Centrum,52.36499426455589,4.914357738042382
Centrum-Oost,Centrum,52.372589088863165,4.900799400254616
Centrum-Oost,Centrum,52.358535569620365,4.898242140802657
Centrum-Oost,Centrum,52.36394740361935,4.910354280419667
Centrum-Oost,Centrum,52.36990883434279,4.926205273586762
Centrum-Oost,Centrum,52.36938001301406,4.9320086940894505
Centrum-Oost,Centrum,52.36266808383327,4.911460091091891
Centrum-Oost,Centrum,52.3657685818462,4.886823705813974
Centrum-Oost,Centrum,52.36280319746984,4.904194505402792
Centrum-Oost,Centrum,52.368341073110436,4.897863337363814
Centrum-Oost,Centrum,52.37125688886693,4.903513145133119
Centrum-Oost,Centrum,52.36411827233481,4.9038599754644805
Centrum-Oost,Centrum,52.3712693452852,4.925569194570568
Centrum-Oost,Centrum,52.36216171964595,4.905560541021763
Centrum-Oost,Centrum,52.362597639708525,4.911463728167259
Centrum-Oost,Centrum,52.36488240719671,4.905478800913787
Centrum-Oost,Centrum,52.37222380002811,4.904814896894848
Centrum-Oost,Centrum,52.37156561784511,4.93082401804838
Centrum-Oost,Centrum,52.361016749320015,4.899706692170197
Centrum-Oost,Centrum,52.36872480283717,4.9273567674334435
Centrum-Oost,Centrum,52.36094918581003,4.890262575895149
Centrum-Oost,Centrum,52.37087734034592,4.921120835339347
Centrum-Oost,Centrum,52.36571319106274,4.883013766897527
Centrum-Oost,Centrum,52.36985962695506,4.9132802365877435
Centrum-Oost,Centrum,52.36901329382747,4.924420527678729
Centrum-Oost,Centrum,52.364004797425224,4.892144649397217
Centrum-Oost,Centrum,52.3696602411619,4.9033420974202215
Centrum-Oost,Centrum,52.359457147084,4.89303614869274
Centrum-Oost,Centrum,52.37240077189636,4.92332872873998
Centrum-Oost,Centrum,52.35916370643406,4.898144834008459
Centrum-Oost,Centrum,52.37365065308959,4.903436780862139
Centrum-Oost,Centrum,52.36832052953352,4.902304770410198
Centrum-Oost,Centrum,52.37383347497737,4.9027042951154245
Centrum-Oost,Centrum,52.367108751006505,4.909313078409015
Centrum-Oost,Centrum,52.365623179099984,4.900611227057684
Centrum-Oost,Centrum,52.362998941555524,4.899171691731012
Centrum-Oost,Centrum,52.37101982322165,4.902456739107612
Centrum-Oost,Centrum,52.36406473694677,4.884066538141791
Centrum-Oost,Centrum,52.36363335579253,4.897327457240818
Centrum-Oost,Centrum,52.361119417951734,4.904833607145624
Centrum-Oost,Centrum,52.36310148538202,4.883898190728323
Centrum-Oost,Centrum,52.372486034654244,4.902902169521778
Centrum-Oost,Centrum,52.37006001831398,4.916971593685137
Centrum-Oost,Centrum,52.361024052365956,4.893205748780886
Centrum-Oost,Centrum,52.37197030539163,4.930198282023247
Centrum-Oost,Centrum,52.364165233470644,4.897744433016215
Centrum-Oost,Centrum,52.36451430013571,4.900096075868742
Centrum-Oost,Centrum,52.36435219629918,4.888013952224437
Centrum-Oost,Centrum,52.36260890695153,4.896105478962497
Centrum-Oost,Centrum,52.362835060812124,4.883231944168856
Centrum-Oost,Centrum,52.36903016180435,4.925038012457857
Centrum-Oost,Centrum,52.36152038226174,4.905935396993444
Centrum-Oost,Centrum,52.36300339187162,4.907186681406536
Centrum-Oost,Centrum,52.36969785547627,4.9047983451607795
Centrum-Oost,Centrum,52.36800297330006,4.902575952604183
Centrum-Oost,Centrum,52.36855915487036,4.921891983922872
Centrum-Oost,Centrum,52.37016179884682,4.900137579890765
Centrum-Oost,Centrum,52.36567934383012,4.911780906568657
Centrum-Oost,Centrum,52.361495148119374,4.890707376115271
Centrum-Oost,Centrum,52.36036688340976,4.8899671904804665
Centrum-Oost,Centrum,52.35925471850864,4.896283845803952
Centrum-Oost,Centrum,52.3644856651729,4.888141303135658
Centrum-Oost,Centrum,52.36226058516803,4.904550806881114
Centrum-Oost,Centrum,52.3699766926639,4.901867115690495
Centrum-Oost,Centrum,52.368625082305265,4.898316698764009
Centrum-Oost,Centrum,52.36304116343269,4.909077791135895
Centrum-Oost,Centrum,52.366038211762174,4.889497584612848
Centrum-Oost,Centrum,52.367432855799365,4.919032821166819
Centrum-Oost,Centrum,52.3638137677094,4.884631709468881
Centrum-Oost,Centrum,52.365685278916104,4.910978555294761
Centrum-Oost,Centrum,52.36419706797102,4.909571398704634
Centrum-Oost,Centrum,52.3642672227519,4.905779214354435
Centrum-Oost,Centrum,52.36713700760853,4.897525999344916
Centrum-Oost,Centrum,52.372598572515514,4.923332349730999
Centrum-Oost,Centrum,52.362058310468136,4.909689062699142
Centrum-Oost,Centrum,52.37349183537826,4.903022438194443
Centrum-Oost,Centrum,52.36279769831519,4.894281442929273
Centrum-Oost,Centrum,52.36912957986187,4.915790987892857
Centrum-Oost,Centrum,52.374922493551004,4.904456317980783
Centrum-Oost,Centrum,52.362296788187045,4.904921021331772
Centrum-Oost,Centrum,52.36020639556301,4.8924630979538
Centrum-Oost,Centrum,52.37177351562269,4.925647337531169
Centrum-Oost,Centrum,52.36482659426546,4.887899014473512
Centrum-Oost,Centrum,52.35954600032419,4.893646373621405
Centrum-Oost,Centrum,52.36493243938112,4.885259263600134
Centrum-Oost,Centrum,52.36783613176123,4.904006221550716
Centrum-Oost,Centrum,52.36841818465173,4.901416200493575
Centrum-Oost,Centrum,52.36431078057864,4.881093270681609
Centrum-Oost,Centrum,52.373858009547355,4.906222502125457
Centrum-Oost,Centrum,52.36146221181497,4.8952759063717375
Centrum-Oost,Centrum,52.36379801793215,4.900078462926429
Centrum-Oost,Centrum,52.363036903514356,4.906438521016099
Centrum-Oost,Centrum,52.366075411119475,4.897085946411092
Centrum-Oost,Centrum,52.37028211635307,4.930674305182413
Centrum-Oost,Centrum,52.36851407306887,4.926196217091859
Centrum-Oost,Centrum,52.363729256221845,4.883847351052142
Centrum-Oost,Centrum,52.363327712588166,4.8923630350635605
Centrum-Oost,Centrum,52.36913477951827,4.9114489419485405
Centrum-Oost,Centrum,52.3606894534873,4.889910279769907
Centrum-Oost,Centrum,52.371429022674,4.907554891037807
Centrum-Oost,Centrum,52.35938988045651,4.895926077163731
Centrum-Oost,Centrum,52.35954596127967,4.8983514571659725
Centrum-Oost,Centrum,52.36001570356076,4.889314614174763
Centrum-Oost,Centrum,52.373343171122734,4.901969333276957
Centrum-Oost,Centrum,52.36238944318549,4.883681896623058
Centrum-Oost,Centrum,52.365087026809164,4.8935410078410095
Centrum-Oost,Centrum,52.371247555224265,4.920360624809946
Centrum-Oost,Centrum,52.37021885383571,4.904299155059953
Centrum-Oost,Centrum,52.361226597365466,4.908824489592364
Centrum-Oost,Centrum,52.36173772594179,4.890464089035313
Centrum-Oost,Centrum,52.369925376527235,4.899641374370729
Centrum-Oost,Centrum,52.36151497646274,4.91092323481969
Centrum-Oost,Centrum,52.36180498518298,4.90871692575595
Centrum-Oost,Centrum,52.36055969509835,4.893199473938355
Centrum-Oost,Centrum,52.37015776109071,4.9304447166574965
Centrum-Oost,Centrum,52.36596009685944,4.8924673206799305
Centrum-Oost,Centrum,52.368732375139444,4.92038520520239
Centrum-Oost,Centrum,52.372257842290715,4.9041106517541895
Centrum-Oost,Centrum,52.361895607745396,4.884380579965015
Centrum-Oost,Centrum,52.37100619343335,4.90353730703002
Centrum-Oost,Centrum,52.36459366700801,4.884381488176473
Centrum-Oost,Centrum,52.3638017679738,4.890154369032359
Centrum-Oost,Centrum,52.37139457815286,4.904923095669245
Centrum-Oost,Centrum,52.365793336129336,4.8984516740986805
Centrum-Oost,Centrum,52.364314239033725,4.900166229056637
Centrum-Oost,Centrum,52.36396878102696,4.908563553773728
Centrum-Oost,Centrum,52.36968002733398,4.924531918789097
Centrum-Oost,Centrum,52.36375617045304,4.884579283389958
Centrum-Oost,Centrum,52.35934185514643,4.892789230622428
Centrum-Oost,Centrum,52.3637585768652,4.8896457579386245
Centrum-Oost,Centrum,52.3632132423945,4.889051424334264
Centrum-Oost,Centrum,52.36156220786988,4.906536232394366
Centrum-Oost,Centrum,52.36581181229069,4.906528218830083
Centrum-Oost,Centrum,52.37126015791289,4.9072945113853965
Centrum-Oost,Centrum,52.36586682816391,4.891443966065333
Centrum-Oost,Centrum,52.363092945801256,4.910534087753791
Centrum-Oost,Centrum,52.36820253512293,4.900416157805782
Centrum-Oost,Centrum,52.363605724471356,4.889527106465251
Centrum-Oost,Centrum,52.368613519182574,4.8974355769934945
Centrum-Oost,Centrum,52.369152473060595,4.909148441253616
Centrum-Oost,Centrum,52.36183316853445,4.892301029976562
Centrum-Oost,Centrum,52.36803798515664,4.900244338791799
Centrum-Oost,Centrum,52.35890484419024,4.901403937497635
Centrum-Oost,Centrum,52.36115164137779,4.9074091299637175
Centrum-Oost,Centrum,52.360532363164516,4.892451475536603
Centrum-Oost,Centrum,52.365398317497956,4.896184914754954
Centrum-Oost,Centrum,52.3693822223606,4.90654350808225
Centrum-Oost,Centrum,52.361704415928045,4.886319661678575
Centrum-Oost,Centrum,52.3639608029655,4.88465662150682
Centrum-Oost,Centrum,52.373651916495824,4.922827847241643
Centrum-Oost,Centrum,52.36325029724541,4.886387890400408
Centrum-Oost,Centrum,52.36191054661787,4.902322115168324
Centrum-Oost,Centrum,52.36636913875134,4.9255714592214055
Centrum-Oost,Centrum,52.36226164592212,4.899800565386946
Centrum-Oost,Centrum,52.36155579303432,4.896218861365318
Centrum-Oost,Centrum,52.37227840004698,4.929496566118686
Centrum-Oost,Centrum,52.36325836065926,4.908473002029119
Centrum-Oost,Centrum,52.36232943525536,4.896446355839527
Centrum-Oost,Centrum,52.361320335329545,4.900041188545367
Centrum-Oost,Centrum,52.3700137401985,4.9286416269143265
Centrum-Oost,Centrum,52.36957075425086,4.9129866395264825
Centrum-Oost,Centrum,52.35991141116396,4.89754700440294
Centrum-Oost,Centrum,52.36931956175525,4.915131522304907
Centrum-Oost,Centrum,52.370624677010674,4.928940944490852
Centrum-Oost,Centrum,52.37274733789694,4.92361572546084
Centrum-Oost,Centrum,52.36035470192227,4.899665438779061
Centrum-Oost,Centrum,52.36694579967833,4.919812615138975
Centrum-Oost,Centrum,52.36608975485829,4.910644004717956
Centrum-Oost,Centrum,52.36402386444491,4.903912799056858
Centrum-Oost,Centrum,52.3668887939547,4.919802175089298
Centrum-Oost,Centrum,52.36364846209708,4.888158486973439
Centrum-Oost,Centrum,52.36743374296346,4.922808116923575
Centrum-Oost,Centrum,52.37351599832815,4.920340221823781
Centrum-Oost,Centrum,52.36256375962821,4.912414836234398
Centrum-Oost,Centrum,52.36206977590928,4.899163640656652
Centrum-Oost,Centrum,52.36420553775127,4.884769255197123
Centrum-Oost,Centrum,52.36421599023814,4.907679753616682
Centrum-Oost,Centrum,52.36455575670449,4.8813191640747355
Centrum-Oost,Centrum,52.36559651408123,4.899876890498509
Centrum-Oost,Centrum,52.36740639053812,4.911055632344851
Centrum-Oost,Centrum,52.36785983659387,4.8977988962641605
Centrum-Oost,Centrum,52.35886425746219,4.894447775807983
Centrum-Oost,Centrum,52.35914482806912,4.8904732292605315
Centrum-Oost,Centrum,52.359948405740276,4.890303664683773
Centrum-Oost,Centrum,52.362156034335186,4.899445696611802
Centrum-Oost,Centrum,52.370992995869365,4.920056206561354
Centrum-Oost,Centrum,52.37106779941122,4.9054053972634
Centrum-Oost,Centrum,52.365690623294554,4.882618660996074
Centrum-Oost,Centrum,52.37130741125443,4.922114818707814
Centrum-Oost,Centrum,52.366308268361486,4.887855432143997
Centrum-Oost,Centrum,52.36413583431427,4.881073569796121
Centrum-Oost,Centrum,52.37104533467328,4.9079056006764645
Centrum-Oost,Centrum,52.36124528449358,4.894875730333155
Centrum-Oost,Centrum,52.363448449193285,4.881625425100675
Centrum-Oost,Centrum,52.37238188782071,4.901308571881642
Centrum-Oost,Centrum,52.36593799739343,4.898048581625997
Centrum-Oost,Centrum,52.37455412000616,4.9115556104431155
Centrum-Oost,Centrum,52.359052655954045,4.903242976671817
Centrum-Oost,Centrum,52.368796112739,4.920214035194755
Centrum-Oost,Centrum,52.36189520562509,4.885888653448301
Centrum-Oost,Centrum,52.363813380209876,4.884074359251775
Centrum-Oost,Centrum,52.372917752411325,4.906853402523251
Centrum-Oost,Centrum,52.36758818923049,4.926379618213104
Centrum-Oost,Centrum,52.36595544757186,4.905837354197436
Centrum-Oost,Centrum,52.368662977238735,4.897859921947673
Centrum-Oost,Centrum,52.37398858977394,4.906452620773011
Centrum-Oost,Centrum,52.360931315697684,4.896743558846529
Centrum-Oost,Centrum,52.36298107044945,4.889665176986477
Centrum-Oost,Centrum,52.363088136675444,4.894984096450292
Centrum-Oost,Centrum,52.37325259257339,4.906363543785874
Centrum-Oost,Centrum,52.36724867285509,4.901879088669464
Centrum-Oost,Centrum,52.36054590388751,4.899851695376405
Centrum-Oost,Centrum,52.36238098545912,4.8982331079253285
Centrum-Oost,Centrum,52.36264640870561,4.91094609550238
Centrum-Oost,Centrum,52.368987799922024,4.931427809926638
Centrum-Oost,Centrum,52.36689298183664,4.930341623589933
Centrum-Oost,Centrum,52.36196011420374,4.912140902059719
Centrum-Oost,Centrum,52.369569553725334,4.909947223084121
Centrum-Oost,Centrum,52.363713078711996,4.9095159201174985
Centrum-Oost,Centrum,52.374711978412165,4.901824612556289
Centrum-Oost,Centrum,52.36621463133608,4.899918237653796
Centrum-Oost,Centrum,52.371459015843485,4.907935266530467
Centrum-Oost,Centrum,52.36821295990959,4.918594369522409
Centrum-Oost,Centrum,52.36063446065801,4.894523813487191
Centrum-Oost,Centrum,52.36997616458265,4.908185903963537
Centrum-Oost,Centrum,52.36986431930403,4.921239709288849
Centrum-Oost,Centrum,52.37309804810067,4.9049089647255215
Centrum-Oost,Centrum,52.36643588102085,4.911448385815123
Centrum-Oost,Centrum,52.364124052844446,4.904166521832189
Centrum-Oost,Centrum,52.36616238556775,4.899029693142967
Centrum-Oost,Centrum,52.36957065453184,4.929204144938354
Centrum-Oost,Centrum,52.3706174003559,4.90454436926066
Centrum-Oost,Centrum,52.365575790408535,4.902317773267703
Centrum-Oost,Centrum,52.365110101674105,4.906056908834017
Centrum-Oost,Centrum,52.360916251203236,4.88957576118145
Centrum-Oost,Centrum,52.37645623495484,4.903396758447356
Centrum-Oost,Centrum,52.36598229322297,4.907645295490773
Centrum-Oost,Centrum,52.36170538220962,4.885898316463358
Centrum-Oost,Centrum,52.36830884222752,4.9095905637089405
Centrum-Oost,Centrum,52.36401239576841,4.8893736235808065
Centrum-Oost,Centrum,52.36322104837592,4.907931687018889
Centrum-Oost,Centrum,52.37017671451872,4.909305691527789
Centrum-Oost,Centrum,52.363428127577706,4.885978135960014
Centrum-Oost,Centrum,52.36523946338713,4.921812995124833
Centrum-Oost,Centrum,52.36053695060149,4.900932005900456
Centrum-Oost,Centrum,52.37291346062754,4.907422654146027
Centrum-Oost,Centrum,52.36236837317193,4.901013797585488
Centrum-Oost,Centrum,52.3705224231135,4.919962273819417
Centrum-Oost,Centrum,52.36386263290346,4.881208482192169
Centrum-Oost,Centrum,52.36534803238232,4.892136164858819
Centrum-Oost,Centrum,52.3630121774965,4.896758862687067
Centrum-Oost,Centrum,52.35874236183852,4.893923237113268
Centrum-Oost,Centrum,52.369684777022684,4.916068146983211
Centrum-Oost,Centrum,52.36373543483781,4.920313564845287
Centrum-Oost,Centrum,52.36569945353646,4.881931556107302
Centrum-Oost,Centrum,52.37165079181587,4.901609422723861
Centrum-Oost,Centrum,52.3595285304163,4.895141220777562
Centrum-Oost,Centrum,52.37104853276088,4.899635685953082
Centrum-Oost,Centrum,52.362438018143344,4.894559803052288
Centrum-Oost,Centrum,52.37537151388444,4.915341263181799
Centrum-Oost,Centrum,52.36333227220566,4.9183082487839345
Centrum-Oost,Centrum,52.36495042481338,4.9098380454749675
Centrum-Oost,Centrum,52.365545264442815,4.8866957045185995
Centrum-Oost,Centrum,52.36407828276063,4.908157700360313
Centrum-Oost,Centrum,52.36558719396992,4.882242735736497
Centrum-Oost,Centrum,52.363842606907845,4.900885498900231
Centrum-Oost,Centrum,52.37201068607953,4.90635229656104
Centrum-Oost,Centrum,52.359995902335704,4.906043580777822
Centrum-Oost,Centrum,52.36889139246307,4.924952914504933
Centrum-Oost,Centrum,52.36813644288055,4.9214313573578545
Centrum-Oost,Centrum,52.36401570566927,4.887578937815927
Centrum-Oost,Centrum,52.36240331497631,4.911159141230257
Centrum-Oost,Centrum,52.36222217148515,4.891570715911353
Centrum-Oost,Centrum,52.370878396047424,4.911843564218791
Centrum-Oost,Centrum,52.36875810167415,4.931620937326015
Centrum-Oost,Centrum,52.36470576747289,4.905359493657312
Centrum-Oost,Centrum,52.368818926109235,4.915568097930914
Centrum-Oost,Centrum,52.36241950288048,4.8906513872766375
Centrum-Oost,Centrum,52.37065720301094,4.909214050983149
Centrum-Oost,Centrum,52.36333521588772,4.907188852744098
Centrum-Oost,Centrum,52.37035358446413,4.906191604689384
Centrum-Oost,Centrum,52.35964483916432,4.893238205847448
Centrum-Oost,Centrum,52.35982152569618,4.897069461538156
Centrum-Oost,Centrum,52.37102769247025,4.907473740529778
Centrum-Oost,Centrum,52.37227578772235,4.924238714912391
Centrum-Oost,Centrum,52.361420716817214,4.88975010433486
Centrum-Oost,Centrum,52.3708247033222,4.9111208870071605
Centrum-Oost,Centrum,52.37365573953846,4.90519631622035
Centrum-Oost,Centrum,52.36839856918552,4.9117172447923405
Centrum-Oost,Centrum,52.36257189769146,4.888214567050695
Centrum-Oost,Centrum,52.3693287159342,4.91353691781201
Centrum-Oost,Centrum,52.363573226516294,4.898823334155574
Centrum-Oost,Centrum,52.368669659339076,4.9288001691180225
Centrum-Oost,Centrum,52.371356821184726,4.9050182386830405
Centrum-Oost,Centrum,52.370616862636375,4.929744727209509
Centrum-Oost,Centrum,52.36465907067184,4.885542249020169
Centrum-Oost,Centrum,52.36397369380617,4.8883654418490305
Centrum-Oost,Centrum,52.36258361289145,4.902176700262374
Centrum-Oost,Centrum,52.362571779858676,4.885833291639376
Centrum-Oost,Centrum,52.373261054659565,4.907512350529501
Centrum-Oost,Centrum,52.36417179330444,4.8884603569088565
Centrum-Oost,Centrum,52.36373111273536,4.889808191210884
Centrum-Oost,Centrum,52.36401753311828,4.900231538400497
Centrum-Oost,Centrum,52.37189614676867,4.9043693624580005
Centrum-Oost,Centrum,52.36335021472512,4.885181417635946
Centrum-Oost,Centrum,52.36900371560893,4.928761144947483
Centrum-Oost,Centrum,52.37564947136941,4.905809636484121
Centrum-Oost,Centrum,52.36439748213023,4.885749335122359
Centrum-Oost,Centrum,52.362658279952264,4.9097670789987475
Centrum-Oost,Centrum,52.361721141778425,4.909490530494361
Centrum-Oost,Centrum,52.372773573662855,4.903905771063449
Centrum-Oost,Centrum,52.3699361685803,4.931544290710582
Centrum-Oost,Centrum,52.365579557597954,4.908835065359224
Centrum-Oost,Centrum,52.36194828172464,4.890790669810582
Centrum-Oost,Centrum,52.366929499388156,4.906885104539565
Centrum-Oost,Centrum,52.36543774950331,4.912913878700951
Centrum-Oost,Centrum,52.36662790248239,4.909731911591031
Centrum-Oost,Centrum,52.36177563398795,4.908615201218617
Centrum-Oost,Centrum,52.363497472021024,4.905659817122146
Centrum-Oost,Centrum,52.37145989404805,4.909978459606111
Centrum-Oost,Centrum,52.369643320392385,4.916486181126819
Centrum-Oost,Centrum,52.36185205217459,4.889069398611797
Centrum-Oost,Centrum,52.3590730716021,4.8919536186092385
Centrum-Oost,Centrum,52.36361846864377,4.9040221356500515
Centrum-Oost,Centrum,52.36518667050691,4.907411247601699
Centrum-Oost,Centrum,52.36294114134308,4.898832362099297
Centrum-Oost,Centrum,52.35932270914624,4.893707737164172
Centrum-Oost,Centrum,52.37410113042936,4.9029697710724145
Centrum-Oost,Centrum,52.36386961437299,4.90145921912112
Centrum-Oost,Centrum,52.36386758116251,4.880814345202191
Centrum-Oost,Centrum,52.374096697726415,4.902524752498385
Centrum-Oost,Centrum,52.36233372401997,4.915928545777014
Centrum-Oost,Centrum,52.35919461062642,4.894517178580516
Centrum-Oost,Centrum,52.36902186380228,4.91174460746007
Centrum-Oost,Centrum,52.36513394727353,4.887325836009404
Centrum-Oost,Centrum,52.364527862819344,4.882275528816495
Centrum-Oost,Centrum,52.36343178611935,4.916099927802709
Centrum-Oost,Centrum,52.37030137213607,4.918201641377553
Centrum-Oost,Centrum,52.365762258297615,4.882755927942385
Centrum-Oost,Centrum,52.363670453998466,4.886148306663207
Centrum-Oost,Centrum,52.36583490293029,4.897455562263226
Centrum-Oost,Centrum,52.362910838462426,4.901190527283969
Centrum-Oost,Centrum,52.36937021538453,4.91929826514238
Centrum-Oost,Centrum,52.36375042287459,4.884864748343745
Centrum-Oost,Centrum,52.361085688460975,4.901434193628821
Centrum-Oost,Centrum,52.370759439856975,4.902947150324853
Centrum-Oost,Centrum,52.36473985353769,4.8886286591334756
Centrum-Oost,Centrum,52.35961318026515,4.89424114658558
Centrum-Oost,Centrum,52.36044117849355,4.894372670013187
Centrum-Oost,Centrum,52.358595325635804,4.893639442327441
Centrum-Oost,Centrum,52.36471529135465,4.881429113148223
Centrum-Oost,Centrum,52.36231329959679,4.894196972964063
Centrum-Oost,Centrum,52.36872893845901,4.9228385520278515
Centrum-Oost,Centrum,52.36368465822494,4.915559511849715
Centrum-Oost,Centrum,52.36899966137841,4.899956549947607
Centrum-Oost,Centrum,52.365218377815474,4.880583658336228
Centrum-Oost,Centrum,52.37086266727259,4.905025503911832
Centrum-Oost,Centrum,52.362621299901676,4.91257446830546
Centrum-Oost,Centrum,52.373198929620514,4.906672914163481
Centrum-Oost,Centrum,52.36200917402407,4.886895655038391
Centrum-Oost,Centrum,52.363054758153964,4.882307702481546
Centrum-Oost,Centrum,52.36070341098376,4.889884751243707
Centrum-Oost,Centrum,52.3624927429606,4.888735468621666
Centrum-Oost,Centrum,52.36470788998624,4.8845551884820075
Centrum-Oost,Centrum,52.35990352517584,4.894145037598597
Centrum-Oost,Centrum,52.36380835357166,4.9020776619162305
Centrum-Oost,Centrum,52.363813897198725,4.8885169480934385
Centrum-Oost,Centrum,52.364533311923786,4.8811861818506115
Centrum-Oost,Centrum,52.36427045025776,4.8852338896715555
Centrum-Oost,Centrum,52.37311831765251,4.9065281458072185
Centrum-Oost,Centrum,52.36932781622466,4.902063889530241
Centrum-Oost,Centrum,52.36498595300447,4.898400165979577
Centrum-Oost,Centrum,52.37297006359845,4.9220003904341425
Centrum-Oost,Centrum,52.367573473715254,4.9320507597453975
Centrum-Oost,Centrum,52.36124812676979,4.892485418783884
Centrum-Oost,Centrum,52.3648893100667,4.882181684989496
Centrum-Oost,Centrum,52.363036924878806,4.885691092496015
Centrum-Oost,Centrum,52.36973781593977,4.930567501750885
Centrum-Oost,Centrum,52.35820876555695,4.897560898782024
Centrum-Oost,Centrum,52.36464963408359,4.906261585372655
Centrum-Oost,Centrum,52.368684719237876,4.921409956037513
Centrum-Oost,Centrum,52.362828490832634,4.903937341105686
Centrum-Oost,Centrum,52.37001650886643,4.910863578521793
Centrum-Oost,Centrum,52.36937986081875,4.9037228774843085
Centrum-Oost,Centrum,52.364617997341405,4.883781354976437
Centrum-Oost,Centrum,52.36715092122491,4.925651307078718
Centrum-Oost,Centrum,52.365816685274915,4.897826092660404
Centrum-Oost,Centrum,52.36454934456746,4.907313744288243
Centrum-Oost,Centrum,52.36867494755812,4.922218877630573
Centrum-Oost,Centrum,52.37036526851763,4.898567370699555
Centrum-Oost,Centrum,52.36395714618312,4.886040445061071
Centrum-Oost,Centrum,52.363966281807514,4.9146354426440375
Centrum-Oost,Centrum,52.36404595400029,4.882327885235836
Centrum-Oost,Centrum,52.365234059358166,4.922471080825867
Centrum-Oost,Centrum,52.358511434258055,4.89537171985178
Centrum-Oost,Centrum,52.35955184862691,4.897903333119471
Centrum-Oost,Centrum,52.370215317447276,4.911770849873249
Centrum-Oost,Centrum,52.36249482472627,4.906541076183298
Centrum-Oost,Centrum,52.37068254116736,4.898697524518248
Centrum-Oost,Centrum,52.36463762734845,4.892949973970516
Centrum-Oost,Centrum,52.36506310405779,4.900226429343695
Centrum-Oost,Centrum,52.36506891016553,4.896447010630779
Centrum-Oost,Centrum,52.37454873323744,4.908087467483479
Centrum-Oost,Centrum,52.36172471086765,4.906923537369456
Centrum-Oost,Centrum,52.359162991395124,4.895085405020792
Centrum-Oost,Centrum,52.36354448909593,4.899749277985308
Centrum-Oost,Centrum,52.36914446931784,4.8978848483502
Centrum-Oost,Centrum,52.3643477791122,4.895731605043862
Centrum-Oost,Centrum,52.37240768992569,4.903865854552793
Centrum-Oost,Centrum,52.37101587904856,4.930616986250456
Centrum-Oost,Centrum,52.360093613833385,4.902856430932965
Centrum-Oost,Centrum,52.35995561961213,4.894162637717094
Centrum-Oost,Centrum,52.363070311147034,4.907316315199998
Centrum-Oost,Centrum,52.36445910299259,4.908337584515644
Centrum-Oost,Centrum,52.36701843551728,4.9284802668025085
Centrum-Oost,Centrum,52.361870299495564,4.901722120394273
Centrum-Oost,Centrum,52.35910896096874,4.892949681340045
Centrum-Oost,Centrum,52.36715610040359,4.926898414275354
Centrum-Oost,Centrum,52.36692726502409,4.9007298465257705
Centrum-Oost,Centrum,52.36378474109575,4.898994374767786
Centrum-Oost,Centrum,52.36294291954482,4.889775630432419
Centrum-Oost,Centrum,52.36441538211762,4.900877227301047
Centrum-Oost,Centrum,52.36102672002656,4.891833896301887
Centrum-Oost,Centrum,52.364176652919184,4.900096671118639
Centrum-Oost,Centrum,52.36496179692705,4.917492292646335
Centrum-Oost,Centrum,52.36642937745741,4.906143045264775
Centrum-Oost,Centrum,52.362158425303164,4.901399261801367
Centrum-Oost,Centrum,52.36875144480497,4.907080438898152
Centrum-Oost,Centrum,52.36436708797492,4.90744572298008
Centrum-Oost,Centrum,52.36028058240358,4.893633957920921
Centrum-Oost,Centrum,52.3629562168208,4.8855140360131095
Centrum-Oost,Centrum,52.368467951154315,4.928377207047261
Centrum-Oost,Centrum,52.37225526912266,4.901909575459329
Centrum-Oost,Centrum,52.37160536014062,4.902599052349197
Centrum-Oost,Centrum,52.36422484724428,4.902214761648343
Centrum-Oost,Centrum,52.361956520202085,4.887423052321542
Centrum-Oost,Centrum,52.360875742886165,4.895223032531584
Centrum-Oost,Centrum,52.372811155508685,4.900927824423465
Centrum-Oost,Centrum,52.37134380786801,4.9212520764628715
Centrum-Oost,Centrum,52.36174263026147,4.89902202234286
Centrum-Oost,Centrum,52.36665028842737,4.911862759565619
Centrum-Oost,Centrum,52.36552377768174,4.922137618611305
Centrum-Oost,Centrum,52.37160080524444,4.902755996843759
Centrum-Oost,Centrum,52.37363956467018,4.906617030877271
Centrum-Oost,Centrum,52.3616411084724,4.902113679095207
Centrum-Oost,Centrum,52.371599833787684,4.922998991582247
Centrum-Oost,Centrum,52.36994042770527,4.924942922714064
Centrum-Oost,Centrum,52.36358779515159,4.910009381487463
Centrum-Oost,Centrum,52.366998852059545,4.911713142585123
Centrum-Oost,Centrum,52.371144238741174,4.908163810770312
Centrum-Oost,Centrum,52.36350829682628,4.9030882710489525
Centrum-Oost,Centrum,52.367721205407804,4.927933333123865
Centrum-Oost,Centrum,52.36949463095077,4.912993577082337
Centrum-Oost,Centrum,52.36808602530119,4.921397852047264
Centrum-Oost,Centrum,52.36792730420087,4.920560794197245
Centrum-Oost,Centrum,52.36760789903826,4.924478859999417
Centrum-Oost,Centrum,52.36369202917043,4.921529703045418
Centrum-Oost,Centrum,52.36778819207658,4.927965064060306
Centrum-Oost,Centrum,52.37074242384119,4.91284831064869
Centrum-Oost,Centrum,52.371187741495866,4.930625763175147
Centrum-Oost,Centrum,52.37024303533746,4.906931718302681
Centrum-Oost,Centrum,52.36487354267118,4.881206193463343
Centrum-Oost,Centrum,52.36672958328033,4.926454191038894
Centrum-Oost,Centrum,52.36202694938137,4.8878165698585185
Centrum-Oost,Centrum,52.36430151718033,4.905423277688137
Centrum-Oost,Centrum,52.359914545284575,4.896367383438632
Centrum-Oost,Centrum,52.36300790904559,4.885780167986383
Centrum-Oost,Centrum,52.370858067291124,4.931992737471033
Centrum-Oost,Centrum,52.361428745090734,4.895678761194123
Centrum-Oost,Centrum,52.36715812434575,4.923418202560659
Centrum-Oost,Centrum,52.36162526056118,4.889250295792799
Centrum-Oost,Centrum,52.36506560674589,4.910517849772814
Centrum-Oost,Centrum,52.36239170803417,4.890401686139556
Centrum-Oost,Centrum,52.36739465110215,4.911546186236773
Centrum-Oost,Centrum,52.35996526183591,4.8928369451448575
Centrum-Oost,Centrum,52.3648637008669,4.882448031795592
Centrum-Oost,Centrum,52.3638110894629,4.885948229715819
Centrum-Oost,Centrum,52.371539713425484,4.90428250387894
Centrum-Oost,Centrum,52.3682036045927,4.897586291044522
Centrum-Oost,Centrum,52.37193403848248,4.902058789031057
Centrum-Oost,Centrum,52.365711121203965,4.8953977335955035
Centrum-Oost,Centrum,52.36483985135342,4.888171585612082
Centrum-Oost,Centrum,52.36117454388113,4.906143223490686
Centrum-Oost,Centrum,52.365058100834936,4.886807675755095
Centrum-Oost,Centrum,52.37011703947627,4.905725524907206
Centrum-Oost,Centrum,52.362902527206096,4.886606697812113
Centrum-Oost,Centrum,52.36798598758286,4.905464377633867
Centrum-Oost,Centrum,52.364891450388896,4.916396428957552
Centrum-Oost,Centrum,52.36525878027215,4.9111727688670666
Centrum-Oost,Centrum,52.36344429206117,4.907905815114717
Centrum-Oost,Centrum,52.3680722831117,4.926342864030317
Centrum-Oost,Centrum,52.36540413475447,4.8931584402430985
Centrum-Oost,Centrum,52.366808779181284,4.89767673924257
Centrum-Oost,Centrum,52.363304926996925,4.906960493334562
Centrum-Oost,Centrum,52.373027361775584,4.906173188913333
Centrum-Oost,Centrum,52.367691827251655,4.929621649626648
Centrum-Oost,Centrum,52.3711978663351,4.911863369079465
Centrum-Oost,Centrum,52.3722094927253,4.921342949735586
Centrum-Oost,Centrum,52.36049828605262,4.892035741765693
Centrum-Oost,Centrum,52.3713839594286,4.899678943000865
Centrum-Oost,Centrum,52.37052552852974,4.920493322355886
Centrum-Oost,Centrum,52.371012804262854,4.904145962822009
Centrum-Oost,Centrum,52.36466043909698,4.883190754891792
Centrum-Oost,Centrum,52.370332143962834,4.9071872030588075
Centrum-Oost,Centrum,52.36155600394701,4.911516759107129
Centrum-Oost,Centrum,52.36563228024358,4.8833002077115735
Centrum-Oost,Centrum,52.3624525519364,4.897878614495202
Centrum-Oost,Centrum,52.36840725523055,4.91626670664227
Centrum-Oost,Centrum,52.361526576612455,4.894938918046937
Centrum-Oost,Centrum,52.368592316714064,4.9179605727814835
Centrum-Oost,Centrum,52.36121817281507,4.909409267632155
Centrum-Oost,Centrum,52.36156852399044,4.902626754118082
Centrum-Oost,Centrum,52.36414649459949,4.885484080850015
Centrum-Oost,Centrum,52.366330143195874,4.90316843219284
Centrum-Oost,Centrum,52.363441602889466,4.887022060514999
Centrum-Oost,Centrum,52.36272986567103,4.8918634279351165
Centrum-Oost,Centrum,52.36939979728176,4.900482260453472
Centrum-Oost,Centrum,52.36707096631649,4.901829001480103
Centrum-Oost,Centrum,52.363192464807106,4.8974955482180205
Centrum-Oost,Centrum,52.361028103212305,4.894410471050197
Centrum-Oost,Centrum,52.37188838186295,4.904519919316028
Centrum-Oost,Centrum,52.36464203249654,4.900632429266543
Centrum-Oost,Centrum,52.37390666841462,4.903179200867881
Centrum-Oost,Centrum,52.359669162960074,4.895652880949612
Centrum-Oost,Centrum,52.36962435951549,4.914037169098438
Centrum-Oost,Centrum,52.37209772774842,4.899886259817242
Centrum-Oost,Centrum,52.365252348669614,4.91751198180019
Centrum-Oost,Centrum,52.36296415017862,4.913101266128906
Centrum-Oost,Centrum,52.37251906745098,4.9220905137060145
Centrum-Oost,Centrum,52.37007447331487,4.919603853810987
Centrum-Oost,Centrum,52.35863864303476,4.890820619260796
Centrum-Oost,Centrum,52.36258898360027,4.917360897629923
Centrum-Oost,Centrum,52.371456077557504,4.922700497539552
Centrum-Oost,Centrum,52.36318871379481,4.901312227280888
Centrum-Oost,Centrum,52.35947036261003,4.890739085920451
Centrum-Oost,Centrum,52.366875378206615,4.912475811787213
Centrum-Oost,Centrum,52.36797493783929,4.923713872607338
Centrum-Oost,Centrum,52.36542705120969,4.881683165978459
Centrum-Oost,Centrum,52.36251644827785,4.88396382706274
Centrum-Oost,Centrum,52.364777562235254,4.883051621192184
Centrum-Oost,Centrum,52.36143555686117,4.909648135392141
Centrum-Oost,Centrum,52.36087625629075,4.909811025474509
Centrum-Oost,Centrum,52.36147809518891,4.894246035103754
Centrum-Oost,Centrum,52.373232975425864,4.922390621422801
Centrum-Oost,Centrum,52.36497235544462,4.8827392346887395
Centrum-Oost,Centrum,52.36518402548272,4.909354771599357
Centrum-Oost,Centrum,52.36936954646098,4.926749137088075
Centrum-Oost,Centrum,52.36142612555281,4.901679181659354
Centrum-Oost,Centrum,52.37404209972397,4.904608924982872
Centrum-Oost,Centrum,52.36162945383976,4.888246787182564
Centrum-Oost,Centrum,52.36937673821721,4.916365192192456
Centrum-Oost,Centrum,52.36233178170536,4.894881520198215
Centrum-Oost,Centrum,52.37463683677316,4.922048833550115
Centrum-Oost,Centrum,52.3729177326805,4.905279047449712
Centrum-Oost,Centrum,52.36399689149297,4.891752317825769
Centrum-Oost,Centrum,52.36328214576549,4.917679054061391
Centrum-Oost,Centrum,52.36481099335489,4.900428013891151
Centrum-Oost,Centrum,52.36309429948125,4.8986166805836255
Centrum-Oost,Centrum,52.36493770797989,4.888686800507067
Centrum-Oost,Centrum,52.37041436075338,4.930106657572965
Centrum-Oost,Centrum,52.370444792677745,4.9073616663221395
Centrum-Oost,Centrum,52.36253812122528,4.914782810956549
Centrum-Oost,Centrum,52.371034347196684,4.901116372848443
Centrum-Oost,Centrum,52.37146332380876,4.904301739682898
Centrum-Oost,Centrum,52.371930192186724,4.903772866923748
Centrum-Oost,Centrum,52.36862798352621,4.927454603937114
Centrum-Oost,Centrum,52.37140684629391,4.930367826220432
Centrum-Oost,Centrum,52.3701737374055,4.899689549738603
Centrum-Oost,Centrum,52.3624853953414,4.902040840800507
Centrum-Oost,Centrum,52.36467529014612,4.907559579504595
Centrum-Oost,Centrum,52.369443198563545,4.922637218086891
Centrum-Oost,Centrum,52.37425557340674,4.911436821961864
Centrum-Oost,Centrum,52.361233419864966,4.894886639744007
Centrum-Oost,Centrum,52.36016612154097,4.892571278589138
Centrum-Oost,Centrum,52.36401521076586,4.890418291031687
Centrum-Oost,Centrum,52.37198674528433,4.901997893383282
Centrum-Oost,Centrum,52.36208197559171,4.904003530348131
Centrum-Oost,Centrum,52.3640584607765,4.908697309972845
Centrum-Oost,Centrum,52.36336127781208,4.915452195330212
Centrum-Oost,Centrum,52.36202862664393,4.887216539323487
Centrum-Oost,Centrum,52.37475996976495,4.90434397521989
Centrum-Oost,Centrum,52.377477056322114,4.9082673980137805
Centrum-Oost,Centrum,52.36354809009857,4.91223891517331
Centrum-Oost,Centrum,52.363734850471886,4.887011366187641
Centrum-Oost,Centrum,52.36692174267716,4.900655625694688
Centrum-Oost,Centrum,52.374054957734735,4.902355376846267
Centrum-Oost,Centrum,52.365990010537345,4.898410834069435
Centrum-Oost,Centrum,52.36629814456086,4.910117135349843
Centrum-Oost,Centrum,52.36997683656859,4.900917494099034
Centrum-Oost,Centrum,52.36926900560784,4.926420779900708
Centrum-Oost,Centrum,52.35927644699192,4.889901251050041
Centrum-Oost,Centrum,52.363399059602145,4.905450741182756
Centrum-Oost,Centrum,52.36481766364386,4.884356394496324
Centrum-Oost,Centrum,52.360778419766305,4.892361141806651
Centrum-Oost,Centrum,52.36296478268234,4.888495301739006
Centrum-Oost,Centrum,52.37116815664309,4.909714390196398
Centrum-Oost,Centrum,52.36029363430995,4.89378300229665
Centrum-Oost,Centrum,52.37295453216129,4.9202742993178825
Centrum-Oost,Centrum,52.36491726109304,4.910022292949391
Centrum-Oost,Centrum,52.36466428222072,4.9003526215830515
Centrum-Oost,Centrum,52.36205209193876,4.8922822503321735
Centrum-Oost,Centrum,52.368851919933384,4.923961630131543
Centrum-Oost,Centrum,52.35895649627122,4.897259341005234
Centrum-Oost,Centrum,52.372711988103035,4.922751505580564
Centrum-Oost,Centrum,52.370185731231494,4.914874771960093
Centrum-Oost,Centrum,52.36850150619426,4.896692850156721
Centrum-Oost,Centrum,52.36488085490828,4.89139571016038
Centrum-Oost,Centrum,52.362552616622246,4.886309991667503
Centrum-Oost,Centrum,52.36580483749548,4.89911252397913
Centrum-Oost,Centrum,52.365557416324236,4.882725947596533
Centrum-Oost,Centrum,52.36410570077664,4.906294993297835
Centrum-Oost,Centrum,52.36402541071124,4.899783344429796
Centrum-Oost,Centrum,52.36792502143519,4.924976977107617
Centrum-Oost,Centrum,52.3642528320265,4.917072341374663
Centrum-Oost,Centrum,52.370153199480754,4.924302985565881
Centrum-Oost,Centrum,52.367753388480395,4.910409534294346
Centrum-Oost,Centrum,52.36457171819302,4.896581364841116
Centrum-Oost,Centrum,52.37145456698206,4.910278038467524
Centrum-Oost,Centrum,52.36085279686612,4.890557236535429
Centrum-Oost,Centrum,52.37048824890041,4.922261519135011
Centrum-Oost,Centrum,52.36252216997327,4.89437826639546
Centrum-Oost,Centrum,52.361263277575404,4.898325601748868
Centrum-Oost,Centrum,52.373264275824155,4.912988635285331
Centrum-Oost,Centrum,52.36917756653033,4.929408745350097
Centrum-Oost,Centrum,52.36256017002249,4.883353360656709
Centrum-Oost,Centrum,52.359746846014325,4.8946750138056245
Centrum-Oost,Centrum,52.369697801843614,4.89784334511327
Centrum-Oost,Centrum,52.361069513079016,4.893807227883304
Centrum-Oost,Centrum,52.3754612301752,4.903355096737908
Centrum-Oost,Centrum,52.3621773064058,4.890293403354337
Centrum-Oost,Centrum,52.358098151651774,4.89830807331566
Centrum-Oost,Centrum,52.37328831973421,4.90677947343456
Centrum-Oost,Centrum,52.36910040298019,4.916097383070285
Centrum-Oost,Centrum,52.3603063403388,4.891110010785089
Centrum-Oost,Centrum,52.37148917990661,4.90811802104448
Centrum-Oost,Centrum,52.37140544374707,4.918006055663112
Centrum-Oost,Centrum,52.362433258713494,4.897734002578574
Centrum-Oost,Centrum,52.362290742204635,4.909879762689918
Centrum-Oost,Centrum,52.36932710018965,4.913435758694301
Centrum-Oost,Centrum,52.3604093254197,4.888410201069804
Centrum-Oost,Centrum,52.365754486050285,4.897243535351102
Centrum-Oost,Centrum,52.372746966309705,4.902602314815186
Centrum-Oost,Centrum,52.36378378780191,4.918908084151876
Centrum-Oost,Centrum,52.36162154191223,4.90264171677803
Centrum-Oost,Centrum,52.37140570926866,4.902242641086271
Centrum-Oost,Centrum,52.36445217407187,4.920573641719149
Centrum-Oost,Centrum,52.35878321710685,4.89464515834647
Centrum-Oost,Centrum,52.36493467573935,4.885515259592121
Centrum-Oost,Centrum,52.36768684860621,4.9060207371877524
Centrum-Oost,Centrum,52.36521432582888,4.904210992419772
Centrum-Oost,Centrum,52.361414382016065,4.9002217621304345
Centrum-Oost,Centrum,52.36551720970771,4.907824949645002
Centrum-Oost,Centrum,52.3646750606928,4.882803439998032
Centrum-Oost,Centrum,52.36718046831093,4.90790679849804
Centrum-Oost,Centrum,52.36394554585636,4.887995890360214
Centrum-Oost,Centrum,52.36343343007321,4.892453063089431
Centrum-Oost,Centrum,52.3648867708702,4.88616703472002
Centrum-Oost,Centrum,52.36780323454992,4.932134486701687
Centrum-Oost,Centrum,52.3627498935793,4.891174080088022
Centrum-Oost,Centrum,52.37303619372767,4.90666052542958
Centrum-Oost,Centrum,52.370932590246206,4.918004160833333
Centrum-Oost,Centrum,52.36440703943457,4.89909535191719
Centrum-Oost,Centrum,52.36022674198854,4.905408297316156
Centrum-Oost,Centrum,52.36194939106652,4.910774493657918
Centrum-Oost,Centrum,52.37228421179285,4.9107161848871
Centrum-Oost,Centrum,52.36806999528066,4.924037481971663
Centrum-Oost,Centrum,52.36939961571246,4.931912934603727
Centrum-Oost,Centrum,52.36455494252462,4.903707519798889
Centrum-Oost,Centrum,52.36970036561231,4.927748703385091
Centrum-Oost,Centrum,52.368692210677814,4.911926752721513
Centrum-Oost,Centrum,52.35966902373138,4.893945192312684
Centrum-Oost,Centrum,52.364464757611735,4.903770117474053
Centrum-Oost,Centrum,52.36111903572672,4.900177809114821
Centrum-Oost,Centrum,52.3710331170075,4.899862692671946
Centrum-Oost,Centrum,52.37148119531959,4.907819462295893
Centrum-Oost,Centrum,52.362220289307615,4.896126776920492
Centrum-Oost,Centrum,52.368917144896194,4.9048143520052605
Centrum-Oost,Centrum,52.364797010258656,4.903777142784715
Centrum-Oost,Centrum,52.37116599229527,4.929817933982438
Centrum-Oost,Centrum,52.367460625729116,4.902868185525565
Centrum-Oost,Centrum,52.37304898550766,4.902186107453573
Centrum-Oost,Centrum,52.3647198713238,4.910573503857094
Centrum-Oost,Centrum,52.36464519787744,4.884502123231706
Centrum-Oost,Centrum,52.36708550756978,4.9226521731939865
Centrum-Oost,Centrum,52.362252715554824,4.90952641010495
Centrum-Oost,Centrum,52.36963298075036,4.89813158599366
Centrum-Oost,Centrum,52.365183148307366,4.8909234969096955
Centrum-Oost,Centrum,52.371477577366434,4.901715818601941
Centrum-Oost,Centrum,52.373391836920405,4.902443949903085